index,deletion,activity
2,A,0.692307692
3,A,0.4375
4,A,0.15
5,A,0.133333333
6,A,0.066666667
7,A,0
8,A,0
9,A,0.142857143
10,A,0.4
11,A,0.3125
12,A,0.071428571
13,A,0.076923077
14,A,0.047619048
15,A,0.052631579
16,A,0
17,A,0
18,A,0.153846154
19,A,0.142857143
20,A,0.6
2,C,0.714285714
3,C,0.461538462
4,C,0.176470588
5,C,0.071428571
6,C,0
7,C,0
8,C,0
9,C,0
10,C,0.133333333
11,C,0.133333333
12,C,0
13,C,0
14,C,0
15,C,0
16,C,0
17,C,0.058823529
18,C,0.142857143
19,C,0.035714286
20,C,0.045454545
2,T,0.727272727
3,T,0.6
4,T,0.1
5,T,0
6,T,0.083333333
7,T,0
8,T,0.0625
9,T,0.1875
10,T,0.25
11,T,0.076923077
12,T,0.076923077
13,T,0
14,T,0
15,T,0
16,T,0
17,T,0
18,T,0
19,T,0.307692308
20,T,0.6
2,G,0.96
3,G,0.666666667
4,G,0.375
5,G,0.24
6,G,0.142857143
7,G,0.058823529
8,G,0.133333333
9,G,0.238095238
10,G,0.333333333
11,G,0.1
12,G,0.055555556
13,G,0.043478261
14,G,0
15,G,0
16,G,0
17,G,0
18,G,0.2
19,G,0.4375
20,G,0.529411765
