index,insertion,activity
2,A,0.969230769
3,A,0.888888889
4,A,0.580645161
5,A,0.328125
6,A,0.276923077
7,A,0.430769231
8,A,0.234375
9,A,0.276923077
10,A,0.569230769
11,A,0.276923077
12,A,0.061538462
13,A,0.03125
14,A,0.046153846
15,A,0.03125
16,A,0.015384615
17,A,0
18,A,0
19,A,0
20,A,0.061538462
2,C,0.96875
3,C,0.933333333
4,C,0.682539683
5,C,0.365079365
6,C,0.4375
7,C,0.569230769
8,C,0.123076923
9,C,0.415384615
10,C,0.615384615
11,C,0.169230769
12,C,0.046875
13,C,0
14,C,0.046153846
15,C,0
16,C,0
17,C,0
18,C,0
19,C,0
20,C,0.03125
2,T,0.953125
3,T,0.921875
4,T,0.65625
5,T,0.215384615
6,T,0.446153846
7,T,0.553846154
8,T,0.296875
9,T,0.609375
10,T,0.650793651
11,T,0.323076923
12,T,0.030769231
13,T,0
14,T,0.061538462
15,T,0
16,T,0
17,T,0
18,T,0
19,T,0
20,T,0
2,G,0.921875
3,G,0.822580645
4,G,0.523076923
5,G,0.296875
6,G,0.390625
7,G,0.492063492
8,G,0.301587302
9,G,0.328125
10,G,0.587301587
11,G,0.25
12,G,0.125
13,G,0.046875
14,G,0.063492063
15,G,0
16,G,0
17,G,0
18,G,0
19,G,0.063492063
20,G,0.09375
